1/1/2019,"113,125"
1/2/2019,"317,253"
1/3/2019,"339,081"
1/4/2019,"333,745"
1/5/2019,"169,708"
1/6/2019,"132,187"
1/7/2019,"342,567"
1/8/2019,"358,420"
1/9/2019,"343,534"
1/10/2019,"329,571"
1/11/2019,"333,625"
1/12/2019,"146,936"
1/13/2019,"49,473"
1/14/2019,"106,878"
1/15/2019,"340,899"
1/16/2019,"349,967"
1/17/2019,"346,057"
1/18/2019,"330,455"
1/19/2019,"155,099"
1/20/2019,"109,496"
1/21/2019,"120,148"
1/22/2019,"313,650"
1/23/2019,"335,283"
1/24/2019,"327,297"
1/25/2019,"344,106"
1/26/2019,"168,082"
1/27/2019,"121,581"
1/28/2019,"361,139"
1/29/2019,"329,284"
1/30/2019,"301,257"
1/31/2019,"299,584"
2/1/2019,"301,493"
2/2/2019,"171,567"
2/3/2019,"128,040"
2/4/2019,"378,367"
2/5/2019,"384,089"
2/6/2019,"370,866"
2/7/2019,"373,644"
2/8/2019,"354,039"
2/9/2019,"170,734"
2/10/2019,"125,567"
2/11/2019,"322,666"
2/12/2019,"347,273"
2/13/2019,"374,540"
2/14/2019,"367,359"
2/15/2019,"347,346"
2/16/2019,"173,246"
2/17/2019,"127,231"
2/18/2019,"185,230"
2/19/2019,"345,723"
2/20/2019,"76,456"
2/21/2019,"331,567"
2/22/2019,"332,029"
2/23/2019,"162,939"
2/24/2019,"127,284"
2/25/2019,"353,083"
2/26/2019,"376,238"
2/27/2019,"363,005"
2/28/2019,"362,138"
3/1/2019,"329,994"
3/2/2019,"178,649"
3/3/2019,"116,539"
3/4/2019,"363,665"
3/5/2019,"368,554"
3/6/2019,"347,438"
3/7/2019,"359,440"
3/8/2019,"311,805"
3/9/2019,"153,720"
3/10/2019,"129,601"
3/11/2019,"362,855"
3/12/2019,"368,035"
3/13/2019,"362,809"
3/14/2019,"367,405"
3/15/2019,"347,526"
3/16/2019,"179,860"
3/17/2019,"133,506"
3/18/2019,"358,963"
3/19/2019,"376,415"
3/20/2019,"377,988"
3/21/2019,"325,340"
3/22/2019,"342,826"
3/23/2019,"182,397"
3/24/2019,"139,511"
3/25/2019,"359,635"
3/26/2019,"376,089"
3/27/2019,"367,597"
3/28/2019,"361,439"
3/29/2019,"352,828"
3/30/2019,"192,121"
3/31/2019,"128,030"
4/1/2019,"370,898"
4/2/2019,"371,046"
4/3/2019,"384,034"
4/4/2019,"362,834"
4/5/2019,"328,315"
4/6/2019,"199,738"
4/7/2019,"144,836"
4/8/2019,"372,489"
4/9/2019,"381,446"
4/10/2019,"379,545"
4/11/2019,"374,705"
4/12/2019,"349,993"
4/13/2019,"191,687"
4/14/2019,"138,470"
4/15/2019,"326,310"
4/16/2019,"337,303"
4/17/2019,"346,487"
4/18/2019,"340,024"
4/19/2019,"289,818"
4/20/2019,"191,526"
4/21/2019,"131,026"
4/22/2019,"344,787"
4/23/2019,"380,602"
4/24/2019,"378,033"
4/25/2019,"369,634"
4/26/2019,"331,620"
4/27/2019,"193,671"
4/28/2019,"139,625"
4/29/2019,"365,967"
4/30/2019,"378,847"
5/1/2019,"382,199"
5/2/2019,"365,554"
5/3/2019,"376,159"
5/4/2019,"193,845"
5/5/2019,"121,976"
5/6/2019,"378,241"
5/7/2019,"383,950"
5/8/2019,"376,572"
5/9/2019,"371,402"
5/10/2019,"348,205"
5/11/2019,"181,367"
5/12/2019,"116,260"
5/13/2019,"344,798"
5/14/2019,"376,481"
5/15/2019,"378,743"
5/16/2019,"374,696"
5/17/2019,"360,862"
5/18/2019,"191,685"
5/19/2019,"143,350"
5/20/2019,"371,141"
5/21/2019,"384,003"
5/22/2019,"381,473"
5/23/2019,"359,282"
5/24/2019,"356,149"
5/25/2019,"185,089"
5/26/2019,"136,325"
5/27/2019,"151,720"
5/28/2019,"342,549"
5/29/2019,"371,022"
5/30/2019,"354,618"
5/31/2019,"362,767"
6/1/2019,"195,807"
6/2/2019,"140,696"
6/3/2019,"385,937"
6/4/2019,"383,921"
6/5/2019,"379,690"
6/6/2019,"374,752"
6/7/2019,"355,449"
6/8/2019,"194,979"
6/9/2019,"131,528"
6/10/2019,"349,398"
6/11/2019,"380,736"
6/12/2019,"368,362"
6/13/2019,"347,717"
6/14/2019,"350,281"
6/15/2019,"192,818"
6/16/2019,"141,675"
6/17/2019,"334,244"
6/18/2019,"345,068"
6/19/2019,"348,344"
6/20/2019,"341,644"
6/21/2019,"335,264"
6/22/2019,"195,840"
6/23/2019,"144,362"
6/24/2019,"339,819"
6/25/2019,"359,285"
6/26/2019,"353,224"
6/27/2019,"349,593"
6/28/2019,"339,612"
6/29/2019,"180,811"
6/30/2019,"143,378"
7/1/2019,"364,576"
7/2/2019,"356,126"
7/3/2019,"356,415"
7/4/2019,"142,027"
7/5/2019,"282,593"
7/6/2019,"171,475"
7/7/2019,"138,917"
7/8/2019,"316,420"
7/9/2019,"370,842"
7/10/2019,"369,445"
7/11/2019,"339,057"
7/12/2019,"355,037"
7/13/2019,"187,430"
7/14/2019,"141,762"
7/15/2019,"358,035"
7/16/2019,"367,263"
7/17/2019,"349,699"
7/18/2019,"357,563"
7/19/2019,"333,573"
7/20/2019,"173,191"
7/21/2019,"130,990"
7/22/2019,"343,275"
7/23/2019,"352,089"
7/24/2019,"358,716"
7/25/2019,"357,135"
7/26/2019,"343,661"
7/27/2019,"188,593"
7/28/2019,"143,074"
7/29/2019,"343,776"
7/30/2019,"352,412"
7/31/2019,"345,334"
8/1/2019,"359,086"
8/2/2019,"341,624"
8/3/2019,"192,902"
8/4/2019,"147,110"
8/5/2019,"344,889"
8/6/2019,"350,495"
8/7/2019,"336,608"
8/8/2019,"349,474"
8/9/2019,"336,630"
8/10/2019,"188,918"
8/11/2019,"147,463"
8/12/2019,"339,848"
8/13/2019,"336,747"
8/14/2019,"352,389"
8/15/2019,"337,482"
8/16/2019,"330,615"
8/17/2019,"186,769"
8/18/2019,"142,178"
8/19/2019,"338,057"
8/20/2019,"339,864"
8/21/2019,"347,311"
8/22/2019,"348,298"
8/23/2019,"311,118"
8/24/2019,"192,601"
8/25/2019,"144,101"
8/26/2019,"365,564"
8/27/2019,"377,793"
8/28/2019,"367,213"
8/29/2019,"376,444"
8/30/2019,"359,439"
8/31/2019,"188,867"
9/1/2019,"148,600"
9/2/2019,"147,011"
9/3/2019,"393,472"
9/4/2019,"384,409"
9/5/2019,"382,856"
9/6/2019,"365,937"
9/7/2019,"193,293"
9/8/2019,"143,081"
9/9/2019,"380,852"
9/10/2019,"387,451"
9/11/2019,"379,832"
9/12/2019,"374,372"
9/13/2019,"362,551"
9/14/2019,"189,328"
9/15/2019,"142,444"
9/16/2019,"378,527"
9/17/2019,"382,882"
9/18/2019,"383,593"
9/19/2019,"376,757"
9/20/2019,"366,864"
9/21/2019,"192,649"
9/22/2019,"144,058"
9/23/2019,"365,181"
9/24/2019,"380,531"
9/25/2019,"379,133"
9/26/2019,"374,122"
9/27/2019,"353,809"
9/28/2019,"187,979"
9/29/2019,"143,334"
9/30/2019,"359,762"
10/1/2019,"389,238"
10/2/2019,"377,582"
10/3/2019,"387,180"
10/4/2019,"368,359"
10/5/2019,"178,300"
10/6/2019,"140,079"
10/7/2019,"377,173"
10/8/2019,"376,496"
10/9/2019,"374,415"
10/10/2019,"376,223"
10/11/2019,"342,535"
10/12/2019,"181,520"
10/13/2019,"136,772"
10/14/2019,"230,908"
10/15/2019,"378,941"
10/16/2019,"343,913"
10/17/2019,"366,349"
10/18/2019,"353,211"
10/19/2019,"185,743"
10/20/2019,"107,595"
10/21/2019,"374,837"
10/22/2019,"355,301"
10/23/2019,"380,771"
10/24/2019,"371,089"
10/25/2019,"353,503"
10/26/2019,"186,254"
10/27/2019,"123,472"
10/28/2019,"370,610"
10/29/2019,"369,947"
10/30/2019,"367,043"
10/31/2019,"350,807"
11/1/2019,"352,914"
11/2/2019,"178,800"
11/3/2019,"139,875"
11/4/2019,"353,076"
11/5/2019,"355,829"
11/6/2019,"373,643"
11/7/2019,"359,221"
11/8/2019,"340,362"
11/9/2019,"176,315"
11/10/2019,"137,898"
11/11/2019,"229,332"
11/12/2019,"344,414"
11/13/2019,"347,695"
11/14/2019,"354,325"
11/15/2019,"341,105"
11/16/2019,"177,329"
11/17/2019,"129,295"
11/18/2019,"360,145"
11/19/2019,"367,127"
11/20/2019,"361,641"
11/21/2019,"358,536"
11/22/2019,"338,769"
11/23/2019,"170,712"
11/24/2019,"130,803"
11/25/2019,"351,932"
11/26/2019,"343,961"
11/27/2019,"268,803"
11/28/2019,"85,085"
11/29/2019,"197,635"
11/30/2019,"159,563"
12/1/2019,"114,846"
12/2/2019,"348,897"
12/3/2019,"367,612"
12/4/2019,"357,184"
12/5/2019,"350,606"
12/6/2019,"333,146"
12/7/2019,"179,079"
12/8/2019,"135,555"
12/9/2019,"332,274"
12/10/2019,"351,657"
12/11/2019,"348,207"
12/12/2019,"347,035"
12/13/2019,"318,310"
12/14/2019,"165,542"
12/15/2019,"131,402"
12/16/2019,"312,282"
12/17/2019,"343,329"
12/18/2019,"348,803"
12/19/2019,"325,920"
12/20/2019,"319,775"
12/21/2019,"168,856"
12/22/2019,"127,551"
12/23/2019,"271,080"
12/24/2019,"201,631"
12/25/2019,"71,139"
12/26/2019,"224,129"
12/27/2019,"248,564"
12/28/2019,"168,223"
12/29/2019,"110,233"
12/30/2019,"261,507"
12/31/2019,"251,028"
1/1/2020,"109,029"
1/2/2020,"300,733"
1/3/2020,"305,103"
1/4/2020,"165,128"
1/5/2020,"124,164"
1/6/2020,"349,002"
1/7/2020,"314,031"
1/8/2020,"335,241"
1/9/2020,"342,991"
1/10/2020,"342,048"
1/11/2020,"179,422"
1/12/2020,"137,303"
1/13/2020,"352,330"
1/14/2020,"350,516"
1/15/2020,"364,321"
1/16/2020,"349,801"
1/17/2020,"313,098"
1/18/2020,"136,599"
1/19/2020,"125,626"
1/20/2020,"158,798"
1/21/2020,"348,239"
1/22/2020,"355,434"
1/23/2020,"356,946"
1/24/2020,"339,880"
1/25/2020,"165,748"
1/26/2020,"127,465"
1/27/2020,"334,078"
1/28/2020,"342,436"
1/29/2020,"359,962"
1/30/2020,"355,564"
1/31/2020,"341,730"
2/1/2020,"178,333"
2/2/2020,"134,094"
2/3/2020,"362,101"
2/4/2020,"367,499"
2/5/2020,"354,982"
2/6/2020,"334,031"
2/7/2020,"323,132"
2/8/2020,"172,528"
2/9/2020,"131,166"
2/10/2020,"336,759"
2/11/2020,"353,058"
2/12/2020,"359,865"
2/13/2020,"350,980"
2/14/2020,"328,045"
2/15/2020,"161,690"
2/16/2020,"131,847"
2/17/2020,"190,886"
2/18/2020,"336,891"
2/19/2020,"339,085"
2/20/2020,"329,832"
2/21/2020,"309,405"
2/22/2020,"177,109"
2/23/2020,"132,752"
2/24/2020,"359,779"
2/25/2020,"352,304"
2/26/2020,"357,654"
2/27/2020,"345,344"
2/28/2020,"345,262"
2/29/2020,"165,846"
3/1/2020,"134,353"
3/2/2020,"352,118"
3/3/2020,"367,498"
3/4/2020,"364,671"
3/5/2020,"360,470"
3/6/2020,"329,587"
3/7/2020,"174,515"
3/8/2020,"133,491"
3/9/2020,"342,606"
3/10/2020,"340,556"
3/11/2020,"339,366"
3/12/2020,"313,768"
3/13/2020,"287,322"
3/14/2020,"142,361"
3/15/2020,"96,175"
3/16/2020,"158,502"
3/17/2020,"132,677"
3/18/2020,"90,026"
3/19/2020,"94,967"
3/20/2020,"92,140"
3/21/2020,"51,774"
3/22/2020,"20,294"
3/23/2020,"58,698"
3/24/2020,"5,027"
3/25/2020,"7,662"
3/26/2020,"5,256"
3/27/2020,"6,736"
3/28/2020,"1,571"
3/29/2020,"1,519"
3/30/2020,"2,661"
3/31/2020,"3,848"
4/1/2020,"2,613"
4/2/2020,"5,093"
4/3/2020,"3,563"
4/4/2020,"2,370"
4/5/2020,"1,086"
4/6/2020,"4,747"
4/7/2020,"1,854"
4/8/2020,"3,041"
4/9/2020,"1,965"
4/10/2020,"3,948"
4/11/2020,"1,089"
4/12/2020,"1,078"
4/13/2020,"1,640"
4/14/2020,"2,952"
4/15/2020,"2,247"
4/16/2020,"3,454"
4/17/2020,"1,805"
4/18/2020,"1,313"
4/19/2020,945
4/20/2020,"2,785"
4/21/2020,"1,817"
4/22/2020,"2,227"
4/23/2020,"1,883"
4/24/2020,"3,970"
4/25/2020,"1,838"
4/26/2020,"1,288"
4/27/2020,"3,079"
4/28/2020,"4,252"
4/29/2020,"3,829"
4/30/2020,"2,940"
5/1/2020,"10,481"
5/2/2020,"5,304"
5/3/2020,"6,472"
5/4/2020,"13,586"
5/5/2020,"15,894"
5/6/2020,"13,266"
5/7/2020,"19,016"
5/8/2020,"15,101"
5/9/2020,"8,800"
5/10/2020,"5,938"
5/11/2020,"18,647"
5/12/2020,"14,074"
5/13/2020,"20,240"
5/14/2020,"16,147"
5/15/2020,"23,750"
5/16/2020,"8,453"
5/17/2020,"9,524"
5/18/2020,"17,774"
5/19/2020,"21,785"
5/20/2020,"16,396"
5/21/2020,"23,867"
5/22/2020,"20,086"
5/23/2020,"12,183"
5/24/2020,"7,767"
5/25/2020,"12,641"
5/26/2020,"18,369"
5/27/2020,"23,301"
5/28/2020,"18,755"
5/29/2020,"25,622"
5/30/2020,"10,037"
5/31/2020,"11,210"
6/1/2020,"21,444"
6/2/2020,"22,440"
6/3/2020,"18,688"
6/4/2020,"25,764"
6/5/2020,"23,259"
6/6/2020,"12,265"
6/7/2020,"9,012"
6/8/2020,"24,626"
6/9/2020,"18,469"
6/10/2020,"22,340"
6/11/2020,"20,700"
6/12/2020,"25,334"
6/13/2020,"11,570"
6/14/2020,"10,486"
6/15/2020,"22,766"
6/16/2020,"23,966"
6/17/2020,"18,197"
6/18/2020,"24,947"
6/19/2020,"22,329"
6/20/2020,"11,114"
6/21/2020,"8,656"
6/22/2020,"25,707"
6/23/2020,"18,806"
6/24/2020,"26,968"
6/25/2020,"21,723"
6/26/2020,"30,029"
6/27/2020,"11,998"
6/28/2020,"10,992"
6/29/2020,"24,978"
6/30/2020,"27,941"
7/1/2020,"26,207"
7/2/2020,"28,222"
7/3/2020,"16,190"
7/4/2020,"11,543"
7/5/2020,"8,896"
7/6/2020,"27,849"
7/7/2020,"25,391"
7/8/2020,"28,926"
7/9/2020,"27,374"
7/10/2020,"30,835"
7/11/2020,"13,279"
7/12/2020,"10,296"
7/13/2020,"26,600"
7/14/2020,"28,977"
7/15/2020,"25,639"
7/16/2020,"28,444"
7/17/2020,"29,295"
7/18/2020,"14,195"
7/19/2020,"9,154"
7/20/2020,"29,888"
7/21/2020,"23,495"
7/22/2020,"24,500"
7/23/2020,"28,389"
7/24/2020,"28,936"
7/25/2020,"13,660"
7/26/2020,"12,390"
7/27/2020,"25,019"
7/28/2020,"29,071"
7/29/2020,"25,588"
7/30/2020,"27,210"
7/31/2020,"26,284"
8/1/2020,"15,727"
8/2/2020,"9,928"
8/3/2020,"30,209"
8/4/2020,"23,715"
8/5/2020,"27,482"
8/6/2020,"26,877"
8/7/2020,"29,880"
8/8/2020,"13,211"
8/9/2020,"13,596"
8/10/2020,"25,430"
8/11/2020,"29,228"
8/12/2020,"26,105"
8/13/2020,"25,420"
8/14/2020,"30,225"
8/15/2020,"15,653"
8/16/2020,"10,314"
8/17/2020,"29,512"
8/18/2020,"27,687"
8/19/2020,"25,017"
8/20/2020,"27,404"
8/21/2020,"30,222"
8/22/2020,"13,501"
8/23/2020,"14,291"
8/24/2020,"28,878"
8/25/2020,"29,926"
8/26/2020,"31,117"
8/27/2020,"31,168"
8/28/2020,"29,804"
8/29/2020,"21,707"
8/30/2020,"17,737"
8/31/2020,"29,188"
9/1/2020,"31,406"
9/2/2020,"29,967"
9/3/2020,"33,062"
9/4/2020,"35,253"
9/5/2020,"28,063"
9/6/2020,"18,665"
9/7/2020,"19,389"
9/8/2020,"29,674"
9/9/2020,"28,879"
9/10/2020,"29,505"
9/11/2020,"38,465"
9/12/2020,"29,592"
9/13/2020,"21,681"
9/14/2020,"35,380"
9/15/2020,"35,809"
9/16/2020,"36,697"
9/17/2020,"34,262"
9/18/2020,"42,941"
9/19/2020,"32,883"
9/20/2020,"25,491"
9/21/2020,"33,700"
9/22/2020,"35,917"
9/23/2020,"39,310"
9/24/2020,"35,543"
9/25/2020,"39,455"
9/26/2020,"32,562"
9/27/2020,"23,526"
9/28/2020,"38,288"
9/29/2020,"36,765"
9/30/2020,"38,085"
10/1/2020,"38,115"
10/2/2020,"44,300"
10/3/2020,"34,571"
10/4/2020,"23,307"
10/5/2020,"41,502"
10/6/2020,"41,122"
10/7/2020,"38,762"
10/8/2020,"40,895"
10/9/2020,"40,975"
10/10/2020,"33,884"
10/11/2020,"20,180"
10/12/2020,"27,965"
10/13/2020,"40,069"
10/14/2020,"40,621"
10/15/2020,"41,918"
10/16/2020,"38,490"
10/17/2020,"31,883"
10/18/2020,"22,512"
10/19/2020,"36,155"
10/20/2020,"39,568"
10/21/2020,"38,646"
10/22/2020,"38,351"
10/23/2020,"40,823"
10/24/2020,"34,739"
10/25/2020,"19,497"
10/26/2020,"38,452"
10/27/2020,"39,016"
10/28/2020,"37,243"
10/29/2020,"31,944"
10/30/2020,"42,200"
10/31/2020,"30,986"
11/1/2020,"20,907"
11/2/2020,"38,639"
11/3/2020,"37,688"
11/4/2020,"37,212"
11/5/2020,"39,358"
11/6/2020,"42,451"
11/7/2020,"30,744"
11/8/2020,"23,172"
11/9/2020,"37,369"
11/10/2020,"40,637"
11/11/2020,"26,065"
11/12/2020,"34,644"
11/13/2020,"41,111"
11/14/2020,"31,710"
11/15/2020,"20,498"
11/16/2020,"38,247"
11/17/2020,"34,857"
11/18/2020,"31,874"
11/19/2020,"34,414"
11/20/2020,"29,706"
11/21/2020,"28,380"
11/22/2020,"21,534"
11/23/2020,"35,745"
11/24/2020,"39,574"
11/25/2020,"36,762"
11/26/2020,"17,192"
11/27/2020,"33,911"
11/28/2020,"29,069"
11/29/2020,"23,918"
11/30/2020,"30,898"
12/1/2020,"34,930"
12/2/2020,"38,841"
12/3/2020,"40,921"
12/4/2020,"42,212"
12/5/2020,"32,276"
12/6/2020,"24,114"
12/7/2020,"38,418"
12/8/2020,"35,891"
12/9/2020,"38,629"
12/10/2020,"38,797"
12/11/2020,"42,242"
12/12/2020,"33,821"
12/13/2020,"24,018"
12/14/2020,"33,857"
12/15/2020,"41,636"
12/16/2020,"26,293"
12/17/2020,"31,463"
12/18/2020,"39,167"
12/19/2020,"29,963"
12/20/2020,"23,204"
12/21/2020,"38,255"
12/22/2020,"38,645"
12/23/2020,"36,431"
12/24/2020,"26,901"
12/25/2020,"12,916"
12/26/2020,"25,069"
12/27/2020,"19,196"
12/28/2020,"39,392"
12/29/2020,"36,988"
12/30/2020,"35,245"
12/31/2020,"34,029"
1/1/2021,"18,306"
1/2/2021,"30,623"
1/3/2021,"53,901"
1/4/2021,"124,200"
1/5/2021,"109,880"
1/6/2021,"98,474"
1/7/2021,"108,474"
1/8/2021,"115,377"
1/9/2021,"80,258"
1/10/2021,"60,325"
1/11/2021,"114,292"
1/12/2021,"112,786"
1/13/2021,"113,248"
1/14/2021,"112,829"
1/15/2021,"108,375"
1/16/2021,"72,872"
1/17/2021,"53,944"
1/18/2021,"73,989"
1/19/2021,"101,234"
1/20/2021,"68,022"
1/21/2021,"106,603"
1/22/2021,"113,223"
1/23/2021,"72,468"
1/24/2021,"56,455"
1/25/2021,"106,856"
1/26/2021,"102,840"
1/27/2021,"115,857"
1/28/2021,"104,869"
1/29/2021,"107,654"
1/30/2021,"79,125"
1/31/2021,"31,229"
2/1/2021,"66,723"
2/2/2021,"71,398"
2/3/2021,"112,978"
2/4/2021,"116,012"
2/5/2021,"120,936"
2/6/2021,"83,572"
2/7/2021,"31,003"
2/8/2021,"112,648"
2/9/2021,"116,794"
2/10/2021,"113,597"
2/11/2021,"97,081"
2/12/2021,"112,407"
2/13/2021,"48,516"
2/14/2021,"46,714"
2/15/2021,"77,920"
2/16/2021,"109,695"
2/17/2021,"114,777"
2/18/2021,"40,770"
2/19/2021,"84,443"
2/20/2021,"70,064"
2/21/2021,"54,517"
2/22/2021,"91,317"
2/23/2021,"111,121"
2/24/2021,"118,377"
2/25/2021,"113,676"
2/26/2021,"116,654"
2/27/2021,"78,168"
2/28/2021,"47,880"
3/1/2021,"110,842"
3/2/2021,"112,053"
3/3/2021,"123,867"
3/4/2021,"118,086"
3/5/2021,"115,926"
3/6/2021,"78,951"
3/7/2021,"58,727"
3/8/2021,"114,070"
3/9/2021,"120,331"
3/10/2021,"123,753"
3/11/2021,"118,542"
3/12/2021,"116,270"
3/13/2021,"82,954"
3/14/2021,"62,615"
3/15/2021,"109,736"
3/16/2021,"108,498"
3/17/2021,"120,754"
3/18/2021,"103,320"
3/19/2021,"123,363"
3/20/2021,"87,370"
3/21/2021,"66,734"
3/22/2021,"121,846"
3/23/2021,"121,271"
3/24/2021,"102,537"
3/25/2021,"121,909"
3/26/2021,"129,783"
3/27/2021,"91,252"
3/28/2021,"55,879"
3/29/2021,"122,220"
3/30/2021,"126,000"
3/31/2021,"111,679"
4/1/2021,"122,387"
4/2/2021,"125,468"
4/3/2021,"89,575"
4/4/2021,"65,973"
4/5/2021,"130,698"
4/6/2021,"128,891"
4/7/2021,"132,556"
4/8/2021,"130,657"
4/9/2021,"120,747"
4/10/2021,"89,202"
4/11/2021,"68,956"
4/12/2021,"123,168"
4/13/2021,"127,745"
4/14/2021,"119,026"
4/15/2021,"129,228"
4/16/2021,"120,032"
4/17/2021,"84,677"
4/18/2021,"63,253"
4/19/2021,"113,843"
4/20/2021,"127,168"
4/21/2021,"116,559"
4/22/2021,"115,920"
4/23/2021,"125,136"
4/24/2021,"85,589"
4/25/2021,"64,533"
4/26/2021,"121,977"
4/27/2021,"128,615"
4/28/2021,"128,955"
4/29/2021,"125,583"
4/30/2021,"131,945"
5/1/2021,"96,706"
5/2/2021,"70,710"
5/3/2021,"125,631"
5/4/2021,"128,882"
5/5/2021,"127,940"
5/6/2021,"135,535"
5/7/2021,"123,439"
5/8/2021,"89,680"
5/9/2021,"66,047"
5/10/2021,"127,085"
5/11/2021,"128,225"
5/12/2021,"132,818"
5/13/2021,"135,395"
5/14/2021,"135,649"
5/15/2021,"97,941"
5/16/2021,"70,023"
5/17/2021,"133,076"
5/18/2021,"136,253"
5/19/2021,"135,218"
5/20/2021,"133,078"
5/21/2021,"136,561"
5/22/2021,"96,609"
5/23/2021,"72,340"
5/24/2021,"120,116"
5/25/2021,"136,626"
5/26/2021,"128,990"
5/27/2021,"138,913"
5/28/2021,"127,546"
5/29/2021,"78,992"
5/30/2021,"65,914"
5/31/2021,"83,667"
6/1/2021,"139,864"
6/2/2021,"137,751"
6/3/2021,"134,940"
6/4/2021,"137,211"
6/5/2021,"98,661"
6/6/2021,"76,408"
6/7/2021,"137,253"
6/8/2021,"139,695"
6/9/2021,"138,902"
6/10/2021,"133,658"
6/11/2021,"121,191"
6/12/2021,"104,383"
6/13/2021,"77,247"
6/14/2021,"140,741"
6/15/2021,"144,856"
6/16/2021,"149,674"
6/17/2021,"150,240"
6/18/2021,"140,154"
6/19/2021,"97,767"
6/20/2021,"77,880"
6/21/2021,"134,857"
6/22/2021,"131,523"
6/23/2021,"150,404"
6/24/2021,"148,866"
6/25/2021,"148,845"
6/26/2021,"98,862"
6/27/2021,"77,651"
6/28/2021,"140,668"
6/29/2021,"139,760"
6/30/2021,"132,532"
7/1/2021,"127,639"
7/2/2021,"133,935"
7/3/2021,"94,866"
7/4/2021,"67,994"
7/5/2021,"77,531"
7/6/2021,"126,645"
7/7/2021,"129,580"
7/8/2021,"132,353"
7/9/2021,"136,405"
7/10/2021,"103,086"
7/11/2021,"75,735"
7/12/2021,"137,652"
7/13/2021,"136,764"
7/14/2021,"140,243"
7/15/2021,"147,731"
7/16/2021,"146,782"
7/17/2021,"96,539"
7/18/2021,"81,115"
7/19/2021,"147,159"
7/20/2021,"149,146"
7/21/2021,"149,926"
7/22/2021,"150,246"
7/23/2021,"149,201"
7/24/2021,"102,929"
7/25/2021,"78,665"
7/26/2021,"139,993"
7/27/2021,"146,883"
7/28/2021,"148,939"
7/29/2021,"144,697"
7/30/2021,"155,498"
7/31/2021,"107,445"
8/1/2021,"75,799"
8/2/2021,"148,573"
8/3/2021,"154,848"
8/4/2021,"151,908"
8/5/2021,"151,863"
8/6/2021,"149,282"
8/7/2021,"98,012"
8/8/2021,"86,431"
8/9/2021,"145,264"
8/10/2021,"143,976"
8/11/2021,"145,207"
8/12/2021,"148,270"
8/13/2021,"141,690"
8/14/2021,"103,783"
8/15/2021,"79,541"
8/16/2021,"134,013"
8/17/2021,"147,153"
8/18/2021,"145,041"
8/19/2021,"152,733"
8/20/2021,"138,934"
8/21/2021,"105,837"
8/22/2021,"80,831"
8/23/2021,"153,796"
8/24/2021,"155,812"
8/25/2021,"157,129"
8/26/2021,"151,129"
8/27/2021,"151,802"
8/28/2021,"109,327"
8/29/2021,"84,264"
8/30/2021,"163,105"
8/31/2021,"168,687"
9/1/2021,"150,433"
9/2/2021,"179,702"
9/3/2021,"177,348"
9/4/2021,"111,541"
9/5/2021,"85,576"
9/6/2021,"89,867"
9/7/2021,"174,278"
9/8/2021,"178,694"
9/9/2021,"174,156"
9/10/2021,"178,336"
9/11/2021,"113,104"
9/12/2021,"86,401"
9/13/2021,"174,929"
9/14/2021,"180,008"
9/15/2021,"178,748"
9/16/2021,"163,062"
9/17/2021,"175,054"
9/18/2021,"112,540"
9/19/2021,"88,685"
9/20/2021,"178,583"
9/21/2021,"181,686"
9/22/2021,"170,343"
9/23/2021,"165,072"
9/24/2021,"181,544"
9/25/2021,"114,536"
9/26/2021,"86,279"
9/27/2021,"180,887"
9/28/2021,"179,379"
9/29/2021,"182,201"
9/30/2021,"181,910"
10/1/2021,"188,966"
10/2/2021,"117,265"
10/3/2021,"89,903"
10/4/2021,"182,845"
10/5/2021,"180,911"
10/6/2021,"177,785"
10/7/2021,"173,100"
10/8/2021,"170,272"
10/9/2021,"114,020"
10/10/2021,"86,763"
10/11/2021,"124,559"
10/12/2021,"186,687"
10/13/2021,"187,136"
10/14/2021,"185,916"
10/15/2021,"184,177"
10/16/2021,"108,663"
10/17/2021,"92,278"
10/18/2021,"185,037"
10/19/2021,"191,527"
10/20/2021,"190,152"
10/21/2021,"193,753"
10/22/2021,"193,016"
10/23/2021,"119,215"
10/24/2021,"90,838"
10/25/2021,"181,587"
10/26/2021,"184,768"
10/27/2021,"195,680"
10/28/2021,"187,484"
10/29/2021,"143,869"
10/30/2021,"116,805"
10/31/2021,"91,175"
11/1/2021,"182,709"
11/2/2021,"159,762"
11/3/2021,"190,707"
11/4/2021,"181,623"
11/5/2021,"175,074"
11/6/2021,"113,567"
11/7/2021,"89,742"
11/8/2021,"184,724"
11/9/2021,"189,629"
11/10/2021,"190,968"
11/11/2021,"137,058"
11/12/2021,"173,110"
11/13/2021,"100,385"
11/14/2021,"86,280"
11/15/2021,"176,800"
11/16/2021,"184,317"
11/17/2021,"185,037"
11/18/2021,"190,764"
11/19/2021,"178,312"
11/20/2021,"109,993"
11/21/2021,"84,574"
11/22/2021,"174,094"
11/23/2021,"173,887"
11/24/2021,"143,949"
11/25/2021,"56,462"
11/26/2021,"106,435"
11/27/2021,"96,517"
11/28/2021,"79,578"
11/29/2021,"167,934"
11/30/2021,"176,469"
12/1/2021,"184,527"
12/2/2021,"177,807"
12/3/2021,"181,112"
12/4/2021,"117,028"
12/5/2021,"88,578"
12/6/2021,"174,336"
12/7/2021,"176,543"
12/8/2021,"176,312"
12/9/2021,"175,227"
12/10/2021,"178,117"
12/11/2021,"109,244"
12/12/2021,"85,238"
12/13/2021,"171,664"
12/14/2021,"178,348"
12/15/2021,"175,061"
12/16/2021,"176,317"
12/17/2021,"168,012"
12/18/2021,"106,986"
12/19/2021,"78,734"
12/20/2021,"152,689"
12/21/2021,"147,302"
12/22/2021,"142,566"
12/23/2021,"129,140"
12/24/2021,"90,164"
12/25/2021,"43,950"
12/26/2021,"74,112"
12/27/2021,"113,716"
12/28/2021,"122,158"
12/29/2021,"122,329"
12/30/2021,"120,643"
12/31/2021,"91,063"
1/1/2022,"57,532"
1/2/2022,"73,048"
1/3/2022,"10,637"
1/4/2022,"55,197"
1/5/2022,"99,847"
1/6/2022,"127,074"
1/7/2022,"77,653"
1/8/2022,"78,811"
1/9/2022,"56,400"
1/10/2022,"111,900"
1/11/2022,"107,866"
1/12/2022,"119,953"
1/13/2022,"123,165"
1/14/2022,"125,637"
1/15/2022,"79,663"
1/16/2022,"43,571"
1/17/2022,"65,019"
1/18/2022,"125,266"
1/19/2022,"134,681"
1/20/2022,"105,831"
1/21/2022,"117,773"
1/22/2022,"84,229"
1/23/2022,"68,831"
1/24/2022,"128,066"
1/25/2022,"133,967"
1/26/2022,"124,585"
1/27/2022,"129,455"
1/28/2022,"117,736"
1/29/2022,"73,450"
1/30/2022,"66,621"
1/31/2022,"129,422"
2/1/2022,"136,517"
2/2/2022,"139,630"
2/3/2022,"129,568"
2/4/2022,"119,824"
2/5/2022,"92,643"
2/6/2022,"73,375"
2/7/2022,"146,896"
2/8/2022,"159,402"
2/9/2022,"161,737"
2/10/2022,"159,716"
2/11/2022,"161,297"
2/12/2022,"103,575"
2/13/2022,"67,109"
2/14/2022,"148,808"
2/15/2022,"156,565"
2/16/2022,"164,133"
2/17/2022,"161,075"
2/18/2022,"150,625"
2/19/2022,"96,757"
2/20/2022,"78,696"
2/21/2022,"111,961"
2/22/2022,"140,407"
2/23/2022,"155,530"
2/24/2022,"137,643"
2/25/2022,"143,395"
2/26/2022,"96,734"
2/27/2022,"79,379"
2/28/2022,"161,176"
3/1/2022,"166,006"
3/2/2022,"170,867"
3/3/2022,"164,302"
3/4/2022,"162,635"
3/5/2022,"108,488"
3/6/2022,"83,949"
3/7/2022,"164,570"
3/8/2022,"167,671"
3/9/2022,"147,353"
3/10/2022,"160,334"
3/11/2022,"159,146"
3/12/2022,"69,316"
3/13/2022,"79,399"
3/14/2022,"166,512"
3/15/2022,"173,288"
3/16/2022,"178,296"
3/17/2022,"155,501"
3/18/2022,"174,041"
3/19/2022,"112,448"
3/20/2022,"83,603"
3/21/2022,"167,339"
3/22/2022,"174,631"
3/23/2022,"165,652"
3/24/2022,"168,919"
3/25/2022,"175,513"
3/26/2022,"100,276"
3/27/2022,"81,553"
3/28/2022,"162,308"
3/29/2022,"173,419"
3/30/2022,"176,115"
3/31/2022,"170,895"
4/1/2022,"182,092"
4/2/2022,"120,106"
4/3/2022,"92,502"
4/4/2022,"183,326"
4/5/2022,"174,280"
4/6/2022,"179,149"
4/7/2022,"167,197"
4/8/2022,"185,236"
4/9/2022,"115,191"
4/10/2022,"91,421"
4/11/2022,"166,755"
4/12/2022,"168,837"
4/13/2022,"170,715"
4/14/2022,"159,781"
4/15/2022,"155,553"
4/16/2022,"115,293"
4/17/2022,"86,795"
4/18/2022,"138,678"
4/19/2022,"178,195"
4/20/2022,"182,367"
4/21/2022,"176,888"
4/22/2022,"178,886"
4/23/2022,"118,418"
4/24/2022,"94,816"
4/25/2022,"175,243"
4/26/2022,"175,474"
4/27/2022,"182,274"
4/28/2022,"179,443"
4/29/2022,"177,861"
4/30/2022,"117,020"
5/1/2022,"84,555"
5/2/2022,"181,897"
5/3/2022,"186,169"
5/4/2022,"186,228"
5/5/2022,"188,155"
5/6/2022,"155,818"
5/7/2022,"95,490"
5/8/2022,"84,188"
5/9/2022,"178,942"
5/10/2022,"182,128"
5/11/2022,"184,030"
5/12/2022,"179,540"
5/13/2022,"165,283"
5/14/2022,"104,333"
5/15/2022,"89,744"
5/16/2022,"169,704"
5/17/2022,"186,474"
5/18/2022,"182,073"
5/19/2022,"178,914"
5/20/2022,"174,975"
5/21/2022,"113,748"
5/22/2022,"87,045"
5/23/2022,"172,557"
5/24/2022,"175,566"
5/25/2022,"186,286"
5/26/2022,"180,821"
5/27/2022,"161,686"
5/28/2022,"114,546"
5/29/2022,"94,022"
5/30/2022,"98,000"
5/31/2022,"179,871"
6/1/2022,"185,487"
6/2/2022,"170,228"
6/3/2022,"185,978"
6/4/2022,"117,808"
6/5/2022,"98,830"
6/6/2022,"180,309"
6/7/2022,"180,140"
6/8/2022,"183,424"
6/9/2022,"185,387"
6/10/2022,"180,041"
6/11/2022,"111,784"
6/12/2022,"99,427"
6/13/2022,"181,649"
6/14/2022,"183,882"
6/15/2022,"194,559"
6/16/2022,"182,751"
6/17/2022,"178,331"
6/18/2022,"119,300"
6/19/2022,"100,061"
6/20/2022,"129,815"
6/21/2022,"188,103"
6/22/2022,"175,601"
6/23/2022,"177,052"
6/24/2022,"179,998"
6/25/2022,"125,036"
6/26/2022,"103,449"
6/27/2022,"168,228"
6/28/2022,"182,823"
6/29/2022,"177,850"
6/30/2022,"176,339"
7/1/2022,"177,018"
7/2/2022,"118,315"
7/3/2022,"107,397"
7/4/2022,"96,491"
7/5/2022,"167,581"
7/6/2022,"180,310"
7/7/2022,"177,288"
7/8/2022,"179,327"
7/9/2022,"105,251"
7/10/2022,"105,244"
7/11/2022,"181,387"
7/12/2022,"181,122"
7/13/2022,"189,699"
7/14/2022,"189,868"
7/15/2022,"185,905"
7/16/2022,"121,953"
7/17/2022,"104,139"
7/18/2022,"173,562"
7/19/2022,"188,026"
7/20/2022,"188,601"
7/21/2022,"183,221"
7/22/2022,"179,857"
7/23/2022,"121,541"
7/24/2022,"102,006"
7/25/2022,"170,091"
7/26/2022,"184,599"
7/27/2022,"189,991"
7/28/2022,"186,742"
7/29/2022,"179,931"
7/30/2022,"130,171"
7/31/2022,"102,298"
8/1/2022,"189,825"
8/2/2022,"192,596"
8/3/2022,"196,507"
8/4/2022,"178,876"
8/5/2022,"174,993"
8/6/2022,"132,016"
8/7/2022,"109,056"
8/8/2022,"175,120"
8/9/2022,"187,206"
8/10/2022,"174,313"
8/11/2022,"192,667"
8/12/2022,"180,907"
8/13/2022,"129,771"
8/14/2022,"103,216"
8/15/2022,"172,730"
8/16/2022,"191,129"
8/17/2022,"186,180"
8/18/2022,"184,685"
8/19/2022,"183,025"
8/20/2022,"131,337"
8/21/2022,"99,444"
8/22/2022,"179,740"
8/23/2022,"193,032"
8/24/2022,"182,322"
8/25/2022,"182,582"
8/26/2022,"183,621"
8/27/2022,"132,566"
8/28/2022,"110,525"
8/29/2022,"196,967"
8/30/2022,"197,452"
8/31/2022,"208,893"
9/1/2022,"215,673"
9/2/2022,"198,855"
9/3/2022,"133,628"
9/4/2022,"114,734"
9/5/2022,"109,893"
9/6/2022,"204,264"
9/7/2022,"210,249"
9/8/2022,"215,731"
9/9/2022,"207,277"
9/10/2022,"134,761"
9/11/2022,"96,423"
9/12/2022,"204,255"
9/13/2022,"224,706"
9/14/2022,"218,933"
9/15/2022,"219,053"
9/16/2022,"214,722"
9/17/2022,"134,958"
9/18/2022,"111,566"
9/19/2022,"205,922"
9/20/2022,"218,976"
9/21/2022,"223,741"
9/22/2022,"212,648"
9/23/2022,"212,506"
9/24/2022,"131,122"
9/25/2022,"104,494"
9/26/2022,"206,884"
9/27/2022,"222,349"
9/28/2022,"218,403"
9/29/2022,"219,069"
9/30/2022,"205,231"
10/1/2022,"113,003"
10/2/2022,"90,633"
10/3/2022,"202,697"
10/4/2022,"212,203"
10/5/2022,"215,290"
10/6/2022,"218,561"
10/7/2022,"206,953"
10/8/2022,"137,850"
10/9/2022,"114,037"
10/10/2022,"157,412"
10/11/2022,"233,357"
10/12/2022,"230,003"
10/13/2022,"206,846"
10/14/2022,"220,030"
10/15/2022,"141,564"
10/16/2022,"109,535"
10/17/2022,"214,581"
10/18/2022,"226,381"
10/19/2022,"222,805"
10/20/2022,"221,119"
10/21/2022,"223,473"
10/22/2022,"144,749"
10/23/2022,"109,142"
10/24/2022,"219,392"
10/25/2022,"233,815"
10/26/2022,"229,931"
10/27/2022,"234,647"
10/28/2022,"225,896"
10/29/2022,"144,692"
10/30/2022,"114,135"
10/31/2022,"215,975"
11/1/2022,"236,749"
11/2/2022,"234,817"
11/3/2022,"234,154"
11/4/2022,"225,577"
11/5/2022,"147,931"
11/6/2022,"113,424"
11/7/2022,"218,200"
11/8/2022,"215,185"
11/9/2022,"225,096"
11/10/2022,"227,492"
11/11/2022,"152,958"
11/12/2022,"150,255"
11/13/2022,"110,251"
11/14/2022,"212,803"
11/15/2022,"206,745"
11/16/2022,"224,580"
11/17/2022,"217,267"
11/18/2022,"205,963"
11/19/2022,"127,801"
11/20/2022,"99,026"
11/21/2022,"202,650"
11/22/2022,"202,300"
11/23/2022,"170,420"
11/24/2022,"69,116"
11/25/2022,"131,845"
11/26/2022,"122,118"
11/27/2022,"89,153"
11/28/2022,"205,043"
11/29/2022,"220,332"
11/30/2022,"199,771"
12/1/2022,"220,732"
12/2/2022,"210,938"
12/3/2022,"130,111"
12/4/2022,"108,003"
12/5/2022,"210,083"
12/6/2022,"210,405"
12/7/2022,"215,868"
12/8/2022,"215,199"
12/9/2022,"203,365"
12/10/2022,"126,095"
12/11/2022,"100,009"
12/12/2022,"194,737"
12/13/2022,"204,980"
12/14/2022,"199,387"
12/15/2022,"149,216"
12/16/2022,"201,029"
12/17/2022,"128,220"
12/18/2022,"98,159"
12/19/2022,"184,390"
12/20/2022,"189,659"
12/21/2022,"185,136"
12/22/2022,"143,199"
12/23/2022,"117,215"
12/24/2022,"71,646"
12/25/2022,"43,366"
12/26/2022,"89,513"
12/27/2022,"143,302"
12/28/2022,"148,663"
12/29/2022,"154,082"
12/30/2022,"159,328"
12/31/2022,"88,127"
1/1/2023,"76,391"
1/2/2023,"110,374"
1/3/2023,"194,431"
1/4/2023,"191,749"
1/5/2023,"193,639"
1/6/2023,"186,677"
1/7/2023,"118,127"
1/8/2023,"93,376"
1/9/2023,"197,471"
1/10/2023,"203,808"
1/11/2023,"202,433"
1/12/2023,"196,241"
1/13/2023,"185,996"
1/14/2023,"109,455"
1/15/2023,"97,098"
1/16/2023,"119,614"
1/17/2023,"202,199"
1/18/2023,"209,214"
1/19/2023,"194,634"
1/20/2023,"196,244"
1/21/2023,"121,534"
1/22/2023,"90,648"
1/23/2023,"193,221"
1/24/2023,"210,787"
1/25/2023,"171,830"
1/26/2023,"204,577"
1/27/2023,"190,362"
1/28/2023,"127,831"
1/29/2023,"92,325"
1/30/2023,"199,019"
1/31/2023,"193,247"
2/1/2023,"208,350"
2/2/2023,"201,504"
2/3/2023,"179,147"
2/4/2023,"109,277"
2/5/2023,"99,537"
2/6/2023,"198,293"
2/7/2023,"209,898"
2/8/2023,"201,778"
2/9/2023,"190,926"
2/10/2023,"180,597"
2/11/2023,"113,183"
2/12/2023,"74,741"
2/13/2023,"181,473"
2/14/2023,"190,106"
2/15/2023,"190,746"
2/16/2023,"177,825"
2/17/2023,"156,074"
2/18/2023,"112,759"
2/19/2023,"97,078"
2/20/2023,"121,115"
2/21/2023,"180,516"
2/22/2023,"174,520"
2/23/2023,"186,941"
2/24/2023,"171,851"
2/25/2023,"101,925"
2/26/2023,"97,384"
2/27/2023,"179,556"
2/28/2023,"196,763"
3/1/2023,"195,467"
3/2/2023,"189,455"
3/3/2023,"170,963"
3/4/2023,"114,763"
3/5/2023,"100,262"
3/6/2023,"190,152"
3/7/2023,"190,295"
3/8/2023,"188,601"
3/9/2023,"184,782"
3/10/2023,"159,744"
3/11/2023,"116,900"
3/12/2023,"91,231"
3/13/2023,"180,402"
3/14/2023,"187,452"
3/15/2023,"189,169"
3/16/2023,"195,969"
3/17/2023,"182,414"
3/18/2023,"110,955"
3/19/2023,"95,396"
3/20/2023,"186,148"
3/21/2023,"197,555"
3/22/2023,"200,396"
3/23/2023,"196,697"
3/24/2023,"174,581"
3/25/2023,"114,888"
3/26/2023,"108,496"
3/27/2023,"194,069"
3/28/2023,"202,672"
